{
  "さいたま": [
    139.630753,
    35.8951196
  ],
  "みなかみ": [
    138.9735408,
    36.7494921
  ],
  "むつ": [
    140.9426405,
    41.0547594
  ],
  "三島": [
    138.9115159,
    35.1262974
  ],
  "下関": [
    130.9217895,
    33.9493851
  ],
  "与那国島": [
    122.987606,
    24.455595
  ],
  "中津": [
    131.1908891,
    33.5991951
  ],
  "久留米": [
    130.5014036,
    33.3206417
  ],
  "久米島": [
    126.7890529,
    26.341139
  ],
  "京都": [
    135.7584303,
    34.9846076
  ],
  "人吉": [
    130.7532196,
    32.2159006
  ],
  "仙台": [
    140.8691498,
    38.2677554
  ],
  "伊万里": [
    129.8772734,
    33.271839
  ],
  "伏木": [
    137.0582278,
    36.7919305
  ],
  "佐世保": [
    129.7257649,
    33.1639237
  ],
  "佐伯": [
    131.9018836,
    32.9724755
  ],
  "佐賀": [
    130.2974729,
    33.2641754
  ],
  "倶知安": [
    140.7451832,
    42.9020963
  ],
  "八丈島": [
    139.8076939,
    33.1024935
  ],
  "八幡": [
    139.9280439,
    35.7239123
  ],
  "八戸": [
    141.4314978,
    40.5091565
  ],
  "函館": [
    140.7262486,
    41.7743441
  ],
  "前橋": [
    139.0726408,
    36.3832125
  ],
  "北見": [
    143.8972642,
    43.8049279
  ],
  "千葉": [
    140.1125333,
    35.6137344
  ],
  "厳原": [
    129.288952,
    34.2022882
  ],
  "名古屋": [
    136.8839084,
    35.1711834
  ],
  "名瀬": [
    127.3151264,
    26.185408
  ],
  "名護": [
    127.9874074,
    26.6159345
  ],
  "和歌山": [
    135.19158,
    34.2322107
  ],
  "土浦": [
    140.2060155,
    36.0779952
  ],
  "大分": [
    131.6060258,
    33.2326262
  ],
  "大島": [
    129.3968408,
    28.3198743
  ],
  "大津": [
    135.8648951,
    35.0030494
  ],
  "大田原": [
    134.153717,
    34.806988
  ],
  "大船渡": [
    138.94753,
    37.699538
  ],
  "大阪": [
    135.5014539,
    34.6937569
  ],
  "奈良": [
    135.8189414,
    34.6808117
  ],
  "宇和島": [
    132.5672731,
    33.2260116
  ],
  "宇都宮": [
    139.8985076,
    36.5591594
  ],
  "室戸岬": [
    134.1768342,
    33.2435799
  ],
  "室蘭": [
    140.9757765,
    42.3178489
  ],
  "宮古": [
    141.9475248,
    39.6398721
  ],
  "宮古島": [
    125.305579,
    24.813957
  ],
  "宮崎": [
    131.4319822,
    31.9157563
  ],
  "富山": [
    137.2136894,
    36.7017962
  ],
  "小名浜": [
    140.8970702,
    36.9479972
  ],
  "小田原": [
    139.1552509,
    35.2561819
  ],
  "尾鷲": [
    136.1901497,
    34.0747359
  ],
  "山口": [
    131.4809337,
    34.1725428
  ],
  "山形": [
    140.3278031,
    38.2484701
  ],
  "岐阜": [
    136.7569769,
    35.4094858
  ],
  "岡山": [
    133.9182664,
    34.6667504
  ],
  "岩見沢": [
    141.7596911,
    43.2041689
  ],
  "帯広": [
    143.2020215,
    42.9181018
  ],
  "広島": [
    132.4753527,
    34.3985139
  ],
  "庄原": [
    134.0380703,
    35.2475454
  ],
  "延岡": [
    131.6724206,
    32.5900481
  ],
  "彦根": [
    136.2633131,
    35.2722146
  ],
  "徳島": [
    134.5513898,
    34.0746743
  ],
  "敦賀": [
    136.0763005,
    35.6451234
  ],
  "新居浜": [
    133.2943345,
    33.9479803
  ],
  "新庄": [
    140.30602,
    38.7626088
  ],
  "新潟": [
    139.0613294,
    37.9122444
  ],
  "日和佐": [
    134.5306322,
    33.7290455
  ],
  "日田": [
    130.9385777,
    33.3171102
  ],
  "旭川": [
    142.3586195,
    43.7627261
  ],
  "札幌": [
    141.3509218,
    43.0686365
  ],
  "東京": [
    139.7638947,
    35.6768601
  ],
  "松山": [
    132.7507395,
    33.8399303
  ],
  "松本": [
    137.9644409,
    36.2307332
  ],
  "松江": [
    133.0638745,
    35.4639956
  ],
  "柳井": [
    132.1061419,
    33.9656617
  ],
  "根室": [
    145.5828156,
    43.326823
  ],
  "横浜": [
    139.6225042,
    35.4656854
  ],
  "水戸": [
    140.4762395,
    36.370781
  ],
  "江差": [
    140.1272235,
    41.8690714
  ],
  "河口湖": [
    138.7448243,
    35.5130603
  ],
  "津": [
    136.5105649,
    34.7340274
  ],
  "津山": [
    134.003275,
    35.0545175
  ],
  "浜松": [
    137.7349439,
    34.7036136
  ],
  "浜田": [
    132.0887323,
    34.9027291
  ],
  "浦河": [
    139.6571882,
    35.8589883
  ],
  "清水": [
    138.489106,
    35.0233357
  ],
  "潮岬": [
    135.7549926,
    33.4377085
  ],
  "熊本": [
    130.6889738,
    32.7903174
  ],
  "熊谷": [
    139.390035,
    36.1390715
  ],
  "父島": [
    142.2095681,
    27.070891
  ],
  "牛深": [
    131.2050176,
    33.5985531
  ],
  "甲府": [
    138.5690672,
    35.6673798
  ],
  "留萌": [
    141.742662,
    44.8848744
  ],
  "白石": [
    140.6263277,
    38.0030467
  ],
  "盛岡": [
    141.1545397,
    39.7021331
  ],
  "相川": [
    135.5336121,
    34.7576432
  ],
  "石垣島": [
    124.2385061,
    24.4710165
  ],
  "神戸": [
    135.1784451,
    34.6792832
  ],
  "福井": [
    136.2239821,
    36.0621497
  ],
  "福岡": [
    136.9317149,
    36.7081496
  ],
  "福島": [
    140.4592144,
    37.75454
  ],
  "福江": [
    130.9156608,
    34.0471135
  ],
  "秋田": [
    140.1296657,
    39.7168833
  ],
  "秩父": [
    139.0859462,
    35.9985854
  ],
  "稚内": [
    141.6771991,
    45.4166166
  ],
  "種子島": [
    130.9958948,
    30.591848
  ],
  "米子": [
    133.3367834,
    35.4233042
  ],
  "米沢": [
    140.1283425,
    37.9094986
  ],
  "紋別": [
    141.41406,
    42.802866
  ],
  "網代": [
    139.0811393,
    35.0436971
  ],
  "網走": [
    144.2542397,
    44.0201193
  ],
  "舞鶴": [
    139.801274,
    35.7528235
  ],
  "若松": [
    130.8060685,
    33.9009962
  ],
  "萩": [
    131.4010475,
    34.3938041
  ],
  "西郷": [
    130.243858,
    32.8727979
  ],
  "豊岡": [
    134.8133194,
    35.5447858
  ],
  "豊橋": [
    137.3822523,
    34.7629034
  ],
  "輪島": [
    129.2868748,
    34.1443764
  ],
  "那覇": [
    127.6791452,
    26.2122345
  ],
  "都城": [
    131.0744458,
    31.7365393
  ],
  "酒田": [
    139.8460919,
    38.9219999
  ],
  "金沢": [
    136.6480247,
    36.5780499
  ],
  "釧路": [
    144.3820381,
    42.9906837
  ],
  "銚子": [
    140.8273135,
    35.7294122
  ],
  "長岡": [
    138.8541667,
    37.4478778
  ],
  "長崎": [
    129.8688399,
    32.7520703
  ],
  "長野": [
    138.1883615,
    36.6442745
  ],
  "阿蘇乙姫": [
    2.2897778,
    48.8547371
  ],
  "青森": [
    140.7340559,
    40.829963
  ],
  "静岡": [
    138.3885902,
    34.9716454
  ],
  "風屋": [
    135.78208,
    34.0497883
  ],
  "飯塚": [
    130.6894977,
    33.6286798
  ],
  "飯田": [
    137.8211924,
    35.5196646
  ],
  "館山": [
    139.8618906,
    34.9959209
  ],
  "高千穂": [
    131.3066171,
    32.714733
  ],
  "高山": [
    137.2512848,
    36.141126
  ],
  "高松": [
    134.0489373,
    34.3434475
  ],
  "高田": [
    135.7446939,
    34.5162814
  ],
  "高知": [
    133.5434889,
    33.5672072
  ],
  "鳥取": [
    134.2259096,
    35.4939698
  ],
  "鷹巣": [
    140.3694382,
    40.2319768
  ],
  "鹿児島": [
    130.5640474,
    31.6021814
  ],
  "鹿屋": [
    130.8505418,
    31.3894994
  ]
}